{"timestamp": "2026-02-21T21:00:00+00:00", "bounds": [[19.228975999999996, -138.37319928236172], [57.08856116148375, -59.042147941577866]], "data_rows": 200, "data_cols": 294, "data_stride": 8}