{"timestamp": "2026-04-24T20:30:00+00:00", "bounds": [[19.228975999999996, -138.37319928236172], [57.08856116148375, -59.042147941577866]], "corners": [[-138.37319928236172, 57.08856116148375], [-59.042147941577866, 57.08856116148375], [-59.042147941577866, 19.228975999999996], [-138.37319928236172, 19.228975999999996]], "data_rows": 400, "data_cols": 587, "data_stride": 4}