{"timestamp": "2026-03-16T14:30:00+00:00", "bounds": [[19.228975999999996, -126.27655199999998], [54.372753794210986, -59.042147941577866]], "corners": [[-138.37319928236172, 53.05054570225457], [-59.042147941577866, 54.372753794210986], [-69.20819459815505, 20.331705949324856], [-126.27655199999998, 19.228975999999996]], "data_rows": 200, "data_cols": 294, "data_stride": 8}